Table S3: 242 DEGs between control normal and SLE samples,,,,,,
id,logFC,AveExpr,t,P.Value,adj.P.Val,B
MX2,0.724842881,6.500565401,13.09238815,9.63E-34,5.42E-30,65.7881202
SIGLEC1,1.609550543,5.360543279,12.3161595,1.64E-30,2.64E-27,58.47077927
KIR2DL3,-0.781907825,4.156058377,-12.13009565,9.43E-30,1.33E-26,56.75062007
IFIT3,1.075764997,6.124955002,11.87765415,9.89E-29,1.11E-25,54.43906424
EIF1AY,-1.093910947,2.884010354,-11.20926067,4.38E-26,2.06E-23,48.44952663
RSAD2,1.258147388,5.879946746,10.68516611,4.52E-24,1.16E-21,43.89536163
IFI27,1.695532265,5.807325405,10.65021268,6.13E-24,1.50E-21,43.59633502
SQRDL,0.817997129,6.438107193,10.4911332,2.43E-23,4.98E-21,42.24308011
OAS1,0.802155038,5.817247983,10.47886381,2.70E-23,5.44E-21,42.13923415
CD247,-0.737606645,5.794827046,-10.44739135,3.55E-23,6.77E-21,41.87320483
FCGR2C,0.908924677,5.35748337,10.3630886,7.31E-23,1.27E-20,41.1630958
ZCCHC2,0.848919004,5.09673396,10.3489377,8.25E-23,1.41E-20,41.04425448
DSC1,-0.744525815,3.118725564,-10.34655425,8.42E-23,1.41E-20,41.024248
DVL1,0.807112157,5.054765574,10.33584173,9.23E-23,1.52E-20,40.93436427
ABCB1,-0.705514027,3.839308062,-10.25645576,1.82E-22,2.84E-20,40.27012003
RPS4Y1,-1.299390871,3.833442783,-10.23211978,2.23E-22,3.34E-20,40.06714889
IFIT1,1.11251415,6.034639046,10.21819838,2.51E-22,3.67E-20,39.95117805
TLR2,0.989632804,6.137370956,10.20211181,2.88E-22,4.10E-20,39.81729665
C1D,0.875204699,4.918680824,10.1590666,4.15E-22,5.76E-20,39.45971721
OASL,0.838978771,5.688954754,10.09168151,7.32E-22,9.58E-20,38.90190503
SERPING1,0.84825071,4.939040515,9.963546101,2.14E-21,2.46E-19,37.84786838
HIF1A,0.773018858,6.392142156,9.898348754,3.69E-21,4.07E-19,37.31494704
FCER1A,-0.7710077,4.998480591,-9.805024578,8.00E-21,7.76E-19,36.55614242
SYNGR2,1.041926458,5.572455731,9.785972816,9.36E-21,8.85E-19,36.40182207
DDX60,0.720432654,5.864773479,9.771858361,1.05E-20,9.74E-19,36.2876231
CSTA,0.988529926,6.718733876,9.761948085,1.14E-20,1.03E-18,36.20750551
SECTM1,0.712331365,5.422308172,9.731062766,1.47E-20,1.28E-18,35.95816782
IFIT5,0.86366738,5.544895874,9.662641489,2.58E-20,2.06E-18,35.40768844
MAGEL2,-0.784472869,2.995844823,-9.552392754,6.34E-20,4.51E-18,34.52620382
RCOR1,0.805884719,4.938859783,9.547238681,6.61E-20,4.65E-18,34.4851626
GJC1,-1.704794786,3.233973007,-9.51247845,8.76E-20,5.90E-18,34.20876489
F2R,-1.420133743,4.078244323,-9.488026678,1.07E-19,7.07E-18,34.01474714
BCL2A1,1.097380543,6.209059186,9.47933158,1.15E-19,7.50E-18,33.94583623
ITIH5,-1.481223136,3.313218732,-9.470282884,1.23E-19,7.97E-18,33.87416881
GABARAP,0.940598571,6.816284548,9.462035441,1.32E-19,8.42E-18,33.80888826
GLUL,0.824158683,5.712463795,9.447729966,1.48E-19,9.35E-18,33.69574922
CYB5B,-0.718315353,4.506069401,-9.426556284,1.75E-19,1.10E-17,33.52850635
UBE2K,0.759987792,5.345703045,9.410325843,2.00E-19,1.22E-17,33.40048266
MSH3,-1.101458862,4.606015703,-9.40610471,2.07E-19,1.24E-17,33.36721173
CLUAP1,-0.94101991,4.479131419,-9.403329385,2.11E-19,1.26E-17,33.34534224
USP9Y,-0.903721227,2.394785696,-9.391523281,2.32E-19,1.36E-17,33.25236005
SSTR2,-0.794829888,3.372868685,-9.384858998,2.45E-19,1.42E-17,33.19990918
HIST1H2AJ,1.166491986,4.98717497,9.355677712,3.10E-19,1.73E-17,32.97054175
GALNT7,0.880865709,4.83361868,9.344503964,3.39E-19,1.88E-17,32.88284566
ZNF549,-1.247185017,3.471487793,-9.308848325,4.51E-19,2.37E-17,32.60349056
IFI44L,1.081481586,6.116976714,9.275332844,5.89E-19,3.00E-17,32.34157833
NDUFS6,1.402641739,5.681880747,9.243996713,7.55E-19,3.76E-17,32.09729105
IER2,0.917854151,6.890016222,9.232915966,8.25E-19,4.05E-17,32.01104659
APOL6,0.765404435,5.135422237,9.140320997,1.72E-18,7.79E-17,31.29318355
ZNF223,-0.854118025,3.772251858,-9.139687095,1.72E-18,7.80E-17,31.28828657
CHRNA5,-1.026060533,3.223235695,-9.122563603,1.97E-18,8.68E-17,31.15609545
TUBB3,0.857703741,5.326634733,9.119796667,2.02E-18,8.81E-17,31.13475143
KIAA1751,-0.703597398,3.731870429,-9.110854129,2.16E-18,9.30E-17,31.06580024
PRKAR2B,1.04023965,5.368716672,9.100953103,2.34E-18,1.00E-16,30.98951423
CHST11,0.810729746,5.389554461,9.080556542,2.75E-18,1.15E-16,30.8325459
DNTTIP2,0.772235319,5.486005684,9.044114561,3.65E-18,1.47E-16,30.55271415
SLPI,1.115876434,5.566765386,9.025216641,4.24E-18,1.69E-16,30.40791382
CENPB,-0.721413281,4.341192595,-8.979270319,6.06E-18,2.29E-16,30.05675887
USP18,0.97203918,4.799317075,8.968377341,6.60E-18,2.48E-16,29.97369372
ROCK2,-1.03540852,4.670839629,-8.929383741,8.94E-18,3.18E-16,29.67693447
BRAP,0.717009657,4.627212705,8.909476501,1.04E-17,3.65E-16,29.52578721
LSP1,0.793161539,6.260307665,8.885736298,1.25E-17,4.24E-16,29.34585344
LAIR1,-0.820394436,5.354507864,-8.885595635,1.25E-17,4.24E-16,29.34478834
AKR1D1,-1.551612931,3.241611556,-8.849657044,1.66E-17,5.48E-16,29.07305765
HLA-C,0.772904248,7.155036812,8.846810273,1.69E-17,5.59E-16,29.05156709
CHRNB2,0.711312163,4.307621956,8.837743357,1.82E-17,5.82E-16,28.98315316
RPL34,0.846440578,7.237435332,8.830486937,1.92E-17,6.14E-16,28.92843657
UFD1L,0.797791674,5.849700322,8.817225664,2.13E-17,6.61E-16,28.82852435
PF4,1.424437907,6.448344722,8.812412524,2.21E-17,6.79E-16,28.79228824
CLU,0.87215516,5.223884599,8.789382787,2.63E-17,7.95E-16,28.61910449
RBM8A,0.706403071,5.017265054,8.783856214,2.75E-17,8.27E-16,28.57759328
NAG18,-1.668621785,3.253894293,-8.771334178,3.02E-17,8.98E-16,28.48360752
PCDHGB6,-0.918823975,2.373511933,-8.768133498,3.10E-17,9.18E-16,28.45959995
ZNF430,-1.176032598,4.483818863,-8.760168374,3.29E-17,9.65E-16,28.39988287
FMR1,1.314580801,5.569162754,8.753806989,3.46E-17,1.00E-15,28.35221774
NAIP,0.785513883,5.478413501,8.751565373,3.52E-17,1.02E-15,28.33542753
UBE2D1,0.711038634,4.84022661,8.750544662,3.55E-17,1.02E-15,28.3277832
GPR1,-0.804482607,3.423334688,-8.719804432,4.48E-17,1.25E-15,28.09786584
CD6,-0.895528463,4.664169181,-8.711097586,4.79E-17,1.33E-15,28.03285082
NOTCH2NL,0.753490369,6.135070442,8.699650314,5.23E-17,1.43E-15,27.9474445
CCR5,0.713871883,4.608498267,8.690766061,5.60E-17,1.52E-15,27.88121672
CLIC3,-0.76364567,4.139087098,-8.683738437,5.90E-17,1.59E-15,27.82886406
TDRD1,-0.822075136,3.023581645,-8.678809689,6.13E-17,1.63E-15,27.79216548
CDC27,0.770011214,4.842486114,8.665717209,6.77E-17,1.78E-15,27.69475486
RAP1B,0.791324882,6.705766603,8.657002272,7.23E-17,1.88E-15,27.6299734
HMGN3,0.858253174,5.976148893,8.655345507,7.33E-17,1.90E-15,27.61766341
NDUFB4,0.991930813,5.545933541,8.654387404,7.38E-17,1.90E-15,27.61054536
CSF2RB,1.00216254,6.233844401,8.641002527,8.17E-17,2.06E-15,27.51116493
TRAPPC10,0.870586133,4.932380831,8.630118395,8.87E-17,2.22E-15,27.43043489
PODNL1,0.703871394,4.283187683,8.629755887,8.89E-17,2.22E-15,27.42774737
MMP9,0.757328057,5.47105854,8.62216872,9.42E-17,2.34E-15,27.37151735
RPL23A,0.79226406,7.357409701,8.616408141,9.84E-17,2.44E-15,27.32884867
CHD9,-0.704974782,4.297884968,-8.602428143,1.09E-16,2.69E-15,27.22538541
TNC,-0.80299293,2.877713908,-8.588585253,1.21E-16,2.95E-15,27.12305806
FKSG49,1.185498379,5.65344651,8.573134758,1.36E-16,3.25E-15,27.00898983
SLC44A4,-1.163697921,3.680241924,-8.569421264,1.40E-16,3.33E-15,26.98159622
KCNH6,-1.168504466,3.480307855,-8.542378898,1.72E-16,3.99E-15,26.78237363
LAMP3,0.743531945,4.695302712,8.539264237,1.76E-16,4.07E-15,26.75945747
RNF139,0.982516488,5.453294435,8.519305398,2.05E-16,4.61E-15,26.612756
SERPINA10,-0.856696632,2.971820965,-8.5090096,2.21E-16,4.95E-15,26.53717865
NUBPL,-1.162795449,3.365406457,-8.502627294,2.32E-16,5.15E-15,26.4903625
SAMHD1,0.723148538,5.539130742,8.489964325,2.55E-16,5.60E-15,26.3975525
FKTN,-1.163659906,4.045308999,-8.471151042,2.93E-16,6.34E-15,26.25985391
DMC1,-1.262403009,3.397161196,-8.453520091,3.35E-16,7.12E-15,26.13101403
LOC440434,0.966965973,5.470051574,8.444561608,3.58E-16,7.57E-15,26.06562516
XPNPEP3,-0.96219605,4.423851074,-8.439650672,3.71E-16,7.81E-15,26.02980152
BZW1,0.948000719,5.970678669,8.428183016,4.04E-16,8.38E-15,25.94620893
APOL1,0.940077604,5.054420673,8.413506125,4.51E-16,9.13E-15,25.83934584
ZNF674,-1.934984422,2.817990022,-8.390082168,5.37E-16,1.06E-14,25.66908145
PGF,0.812699549,4.837622486,8.366983699,6.37E-16,1.23E-14,25.50152864
IL2RG,0.76424616,6.383041444,8.358958183,6.76E-16,1.29E-14,25.44339326
IL10,-1.089151161,3.574206443,-8.317221947,9.21E-16,1.71E-14,25.14173451
SAE1,-0.807842012,4.772115278,-8.310618847,9.67E-16,1.78E-14,25.09411233
LTF,0.998343189,5.766031591,8.290144912,1.12E-15,2.03E-14,24.94663224
LBR,0.790660182,6.53705585,8.276118308,1.25E-15,2.23E-14,24.84575149
DND1,0.785542692,5.18402917,8.27267337,1.28E-15,2.28E-14,24.82099473
KDM5A,0.869844728,5.060274287,8.261259016,1.39E-15,2.45E-14,24.73902165
HDDC2,-0.708262942,4.757189446,-8.252563075,1.48E-15,2.60E-14,24.67662806
ANXA2P2,-0.86959402,5.589723748,-8.230951799,1.74E-15,2.97E-14,24.52178038
HIST1H3F,-0.783520617,3.389741095,-8.213729123,1.97E-15,3.33E-14,24.39859623
SART1,0.718779663,5.236188473,8.198644171,2.20E-15,3.65E-14,24.29086161
PTPN1,-0.740994483,4.258448473,-8.195128683,2.26E-15,3.74E-14,24.26577592
KLF9,-0.709483723,4.27720155,-8.176746512,2.58E-15,4.21E-14,24.13473725
MTA2,-0.729069016,3.547291434,-8.160886159,2.90E-15,4.64E-14,24.02185405
C5AR1,0.730263055,6.596266709,8.152395545,3.08E-15,4.90E-14,23.96149169
MXI1,1.033192726,6.294977332,8.143839186,3.28E-15,5.18E-14,23.90070999
FCGR3B,1.091781306,6.826780703,8.10601418,4.31E-15,6.58E-14,23.63259208
S100P,1.08862633,6.373271294,8.105563798,4.33E-15,6.59E-14,23.6294053
TAF9B,0.781800344,4.275996908,8.060115893,6.01E-15,8.75E-14,23.30852009
SQSTM1,-0.730805167,4.950216391,-8.059942256,6.02E-15,8.75E-14,23.30729676
FBXL4,0.75891327,4.150139567,8.059682493,6.03E-15,8.75E-14,23.30546667
PRR11,0.71277915,5.613461133,8.05721138,6.14E-15,8.86E-14,23.2880594
AMPD2,1.145261432,5.664148897,8.038165264,7.04E-15,1.00E-13,23.15402912
PLCB3,0.801442812,4.941666423,8.013104423,8.43E-15,1.18E-13,22.97804078
SLC12A7,0.822862446,5.08786495,8.004122711,8.99E-15,1.25E-13,22.9150693
CBFA2T3,0.762899779,5.232010374,7.978183384,1.08E-14,1.47E-13,22.73350971
ORAI3,0.854579111,5.820164602,7.973014755,1.12E-14,1.51E-13,22.6973863
TNFSF15,-0.71290589,2.867448633,-7.937370757,1.45E-14,1.90E-13,22.4487597
HNRNPA1,0.73134016,6.039613362,7.918691786,1.66E-14,2.14E-13,22.31881009
IL18,-1.176575271,4.254676039,-7.917290259,1.67E-14,2.16E-13,22.30906914
FKBP9,0.760755148,4.743904518,7.890109299,2.03E-14,2.55E-13,22.12041729
RPS7,0.762472348,6.795726561,7.841921504,2.85E-14,3.48E-13,21.78719436
CRISP3,0.928041389,4.262441278,7.80929941,3.59E-14,4.29E-13,21.5625046
BIRC7,0.710531779,4.414802445,7.735217581,6.04E-14,6.77E-13,21.05495131
SNX15,0.76901354,5.547464241,7.708739525,7.27E-14,7.93E-13,20.87445572
PABPC3,0.772383592,6.400839777,7.668428546,9.63E-14,1.02E-12,20.60059039
TECPR2,0.828194853,4.879699302,7.661341967,1.01E-13,1.07E-12,20.55256134
CD177,0.763520802,4.366295597,7.611074577,1.43E-13,1.47E-12,20.21287332
OPHN1,1.43782628,6.521065233,7.594308775,1.61E-13,1.62E-12,20.09996611
GNG10,0.714529528,6.544156227,7.587677108,1.68E-13,1.69E-12,20.0553599
ZNF267,0.875404569,5.232840233,7.572266935,1.87E-13,1.86E-12,19.95182553
MYO15B,0.709020874,4.82360262,7.567283509,1.94E-13,1.91E-12,19.91837942
VOPP1,0.730630818,6.326417475,7.565173201,1.97E-13,1.93E-12,19.90422137
HNRNPD,-0.713470254,5.40140599,-7.53748811,2.38E-13,2.29E-12,19.71876997
ZNF480,-0.713153031,3.149025723,-7.522385059,2.64E-13,2.51E-12,19.61782643
LIMD2,0.715906809,5.727311613,7.509387507,2.88E-13,2.72E-12,19.53108314
GPT,0.830212962,4.197340204,7.503164616,3.01E-13,2.82E-12,19.48959461
GPR171,0.928121755,5.60883751,7.48060782,3.51E-13,3.25E-12,19.33943431
SNCG,0.837646668,3.920715657,7.467533102,3.84E-13,3.52E-12,19.25255972
SHCBP1,-1.576683585,3.076888159,-7.4621338,3.98E-13,3.63E-12,19.21671929
ARL2BP,-0.795443697,4.515274788,-7.44804926,4.38E-13,3.96E-12,19.12332308
TMEM87A,-0.716937223,4.936046284,-7.435614798,4.77E-13,4.29E-12,19.04098493
ABO,0.717052505,3.934103434,7.392858113,6.37E-13,5.58E-12,18.75869329
REEP2,0.734676945,3.924684791,7.379589372,6.96E-13,6.07E-12,18.67135238
PLP1,-0.768567786,2.620698241,-7.376518978,7.11E-13,6.19E-12,18.65115943
NPM1,1.113595284,6.010277719,7.304422258,1.15E-12,9.60E-12,18.17892973
PPCDC,0.872765315,5.20178668,7.254692498,1.61E-12,1.29E-11,17.85536385
TNFAIP6,0.745915596,5.264645325,7.229915723,1.90E-12,1.49E-11,17.69481564
BLZF1,-0.770599592,4.05961159,-7.206302602,2.22E-12,1.71E-11,17.54221827
AIRE,-0.837105893,4.109354834,-7.192945614,2.43E-12,1.86E-11,17.45607789
GYPB,0.740461814,4.707396401,7.168465465,2.85E-12,2.16E-11,17.29853735
DKK4,0.731342625,3.797297593,7.167932449,2.86E-12,2.16E-11,17.29511197
SIGLEC5,0.771507427,5.693729943,7.113224189,4.10E-12,2.99E-11,16.9446281
S1PR5,-0.755917294,4.035896531,-7.112147425,4.13E-12,3.00E-11,16.93775168
RPL29,0.802245622,6.568882097,7.074687129,5.28E-12,3.77E-11,16.69904774
SLC4A1,0.74329393,5.074811775,7.073298655,5.33E-12,3.78E-11,16.69021976
SPTB,0.704807365,4.466775303,7.070663494,5.42E-12,3.83E-11,16.67346914
PRNP,-0.812949735,4.698589968,-7.067590385,5.53E-12,3.90E-11,16.65394106
RC3H1,0.859011722,5.157524495,7.029349169,7.09E-12,4.89E-11,16.41151371
TINAGL1,0.804393351,4.339363227,7.014412223,7.82E-12,5.32E-11,16.31711235
KLHL2,0.73935851,5.993597644,7.002059733,8.47E-12,5.70E-11,16.23916817
ST20,1.050829008,5.478095208,6.975320609,1.01E-11,6.64E-11,16.0708277
MANSC1,0.852418592,5.123175942,6.943662017,1.24E-11,8.03E-11,15.87219531
KCNJ15,0.762608339,5.306423965,6.943081422,1.24E-11,8.05E-11,15.86855943
HBD,0.765787624,6.244460579,6.9366687,1.29E-11,8.34E-11,15.82841734
GCGR,0.725218815,3.663500944,6.919284698,1.44E-11,9.24E-11,15.71975025
CYP4F3,0.88168472,5.50441864,6.918132693,1.46E-11,9.29E-11,15.71255697
IGLL1,-0.822996236,4.146848933,-6.91394984,1.50E-11,9.51E-11,15.68644688
ERGIC3,-0.704628356,4.493402484,-6.848858141,2.27E-11,1.40E-10,15.2818016
PDIA3,0.822586545,5.188778508,6.841701399,2.37E-11,1.45E-10,15.23750313
KIAA0101,-0.91121427,4.539639146,-6.831532749,2.53E-11,1.54E-10,15.17462717
RPL18,-0.729476045,6.113282284,-6.729475225,4.83E-11,2.77E-10,14.5478441
ITGB1,-0.716003537,4.507727657,-6.698420256,5.86E-11,3.31E-10,14.35866851
PRDM12,0.837563956,4.054503572,6.689021719,6.22E-11,3.49E-10,14.30155893
USP49,-0.77705466,3.83777194,-6.606806013,1.04E-10,5.59E-10,13.80482101
PIK3IP1,-0.701339821,5.070593481,-6.576006014,1.25E-10,6.65E-10,13.62004791
ZNF682,-0.779349558,3.676224602,-6.529197393,1.67E-10,8.67E-10,13.34061744
APOL2,0.877797739,5.589538458,6.526305206,1.70E-10,8.80E-10,13.32340687
HCG4,-0.814474169,3.563610911,-6.514691509,1.83E-10,9.40E-10,13.25436139
AHSP,0.733173548,5.407188824,6.493397929,2.08E-10,1.06E-09,13.1280348
KRT1,0.911033451,4.980193925,6.489172363,2.14E-10,1.09E-09,13.10300736
COPA,-0.716772568,4.570926288,-6.483641632,2.21E-10,1.12E-09,13.07027025
SUZ12,-0.706656861,4.929976435,-6.465270006,2.47E-10,1.24E-09,12.9616943
GTF2H5,-0.880797717,3.955773426,-6.385618859,4.01E-10,1.93E-09,12.49395434
RPS14,-0.841993094,5.745452242,-6.371410782,4.37E-10,2.09E-09,12.4110328
FAM120A,-0.707779636,4.879966465,-6.347628606,5.04E-10,2.38E-09,12.27258353
TECR,-0.764227016,4.232144613,-6.312682784,6.21E-10,2.88E-09,12.06993847
FKBP8,0.9740673,5.815380901,6.270578439,7.98E-10,3.62E-09,11.82704067
YWHAH,-0.891633576,4.511716929,-6.260391643,8.47E-10,3.83E-09,11.76848066
OLFM4,0.84373971,4.859043154,6.246702516,9.19E-10,4.13E-09,11.68991435
ENO1,-0.804279782,5.20442128,-6.246272731,9.21E-10,4.13E-09,11.68745004
MYC,-0.742944365,4.545560425,-6.23714519,9.72E-10,4.35E-09,11.63514836
MGAM,1.141688814,5.771772974,6.236991408,9.73E-10,4.35E-09,11.63426774
ALPP,-0.947486265,3.910470924,-6.159020182,1.54E-09,6.65E-09,11.19014842
MYL4,0.798584568,5.685325702,6.157963435,1.55E-09,6.69E-09,11.18416196
IL1R2,0.853296606,5.497145314,6.157922239,1.55E-09,6.69E-09,11.18392861
RPL31,-0.999314128,5.556213766,-6.052413456,2.86E-09,1.17E-08,10.5906501
SELENBP1,0.772486027,5.358327718,5.985813822,4.20E-09,1.66E-08,10.22068837
EPB42,1.102239443,5.333877994,5.92552764,5.92E-09,2.28E-08,9.888838229
PSMC3IP,0.839613904,5.223861256,5.876810899,7.79E-09,2.93E-08,9.62279266
KRT23,0.999453589,5.487708294,5.815642482,1.10E-08,4.01E-08,9.291441637
HLA-DRB4,-1.032051004,4.177209137,-5.741985628,1.65E-08,5.87E-08,8.896438292
RFTN1,-0.71261774,4.733267655,-5.716395094,1.91E-08,6.68E-08,8.760228995
TNFRSF10C,0.739243253,5.439160404,5.578683214,4.04E-08,1.34E-07,8.036376253
PPP4R2,0.797737951,5.008420642,5.559584618,4.48E-08,1.47E-07,7.937210768
ZNF528,0.888647504,4.932660215,5.518224893,5.59E-08,1.81E-07,7.723484084
NECAB2,0.803727202,4.642047843,5.503870959,6.03E-08,1.94E-07,7.649638418
RPS27A,-0.830198198,5.824585476,-5.461098924,7.58E-08,2.41E-07,7.43059777
CXCR1,0.946730508,5.727423898,5.376297097,1.18E-07,3.65E-07,7.000784258
KCNJ2,0.84185117,5.884742906,5.35506287,1.32E-07,4.05E-07,6.894092427
MMP8,0.729005039,3.9898774,5.300558829,1.76E-07,5.25E-07,6.62195179
SPATA1,0.836986565,4.376488703,5.175949147,3.33E-07,9.52E-07,6.00909027
DDX6,0.800323938,5.35120186,4.992562724,8.33E-07,2.24E-06,5.130917289
MME,0.88782183,5.340125747,4.942450887,1.06E-06,2.82E-06,4.895910175
ST6GALNAC2,0.731259607,5.357312674,4.805535689,2.06E-06,5.21E-06,4.264764547
STEAP4,0.85666717,5.237373544,4.782001747,2.31E-06,5.77E-06,4.157898747
PHLPP1,0.732458029,5.124183281,4.759358306,2.57E-06,6.37E-06,4.05552685
MEFV,0.77748588,5.93141517,4.711374247,3.22E-06,7.88E-06,3.84005091
SPCS2,-1.038472459,3.807142746,-4.374796599,1.49E-05,3.30E-05,2.384896648
BTNL8,0.786014989,4.416705999,4.219363657,2.93E-05,6.20E-05,1.746484345
RPLP2,-0.708289345,5.666533983,-4.136049493,4.17E-05,8.64E-05,1.413112644
PI3,0.777482848,5.533442785,3.991022635,7.60E-05,0.000151644,0.847596512