,Gene_set,Term,Overlap,P-value,Adjusted P-value,Old P-value,Old Adjusted P-value,Odds Ratio,Combined Score,Genes
0,ClinVar_2025,INFLAMMATORY BOWEL DISEASE,1/15,0.0037446970839379,0.0078591599587067,0,0,356.80357142857144,1993.609466758919,ABCB1
1,ClinVar_2025,SEVERE COMBINED IMMUNODEFICIENCY DISEASE,1/21,0.0052394399724711,0.0078591599587067,0,0,249.6875,1311.2440590040192,CD247
2,ClinVar_2025,IMMUNODEFICIENCY,1/77,0.0191040927721202,0.0191040927721202,0,0,65.52302631578948,259.33048567400635,CD247
3,GWAS_Catalog_2025,Cerebral Microbleeds,1/6,0.0014992198216206,0.0157371238668151,0,0,999.5,6499.5590198897235,ABCB1
4,GWAS_Catalog_2025,Bone Mineral Density (Spine) And Age At Menarche,1/6,0.0014992198216206,0.0157371238668151,0,0,999.5,6499.5590198897235,ABCB1
5,GWAS_Catalog_2025,Tau Burden,1/9,0.0022481605524021,0.0157371238668151,0,0,624.59375,3808.549663430724,MX2
6,GWAS_Catalog_2025,Parkinson Disease And Lewy Body Pathology,1/9,0.0022481605524021,0.0157371238668151,0,0,624.59375,3808.549663430724,MX2
7,GWAS_Catalog_2025,Celiac Disease Or Rheumatoid Arthritis,1/14,0.0034953988931204,0.0174752530583772,0,0,384.2692307692308,2173.545038576915,CD247
8,GWAS_Catalog_2025,Medication Use (Glucocorticoids),1/15,0.0037446970839379,0.0174752530583772,0,0,356.80357142857144,1993.609466758919,CD247
9,GWAS_Catalog_2025,Asthma (Moderate Or Severe),1/23,0.0057372891133286,0.0229491564533145,0,0,226.9659090909091,1171.3185051583378,CD247
10,GWAS_Catalog_2025,Neurological Blood Protein Biomarker Levels,1/37,0.0092166585448215,0.0285851265190734,0,0,138.60416666666666,649.6020692107373,ABCB1
11,GWAS_Catalog_2025,"Medication Use (Adrenergics, Inhalants)",1/38,0.0094648118959368,0.0285851265190734,0,0,134.85135135135135,628.4308110799436,CD247
12,GWAS_Catalog_2025,Melanoma,1/41,0.0102089737568119,0.0285851265190734,0,0,124.71875,571.7716333774792,MX2
13,GWAS_Catalog_2025,Nevus Count Or Cutaneous Melanoma,1/54,0.0134285105037049,0.0341816631003398,0,0,94.06603773584904,405.45991459490074,MX2
14,GWAS_Catalog_2025,Cutaneous Malignant Melanoma,1/64,0.0158993733235186,0.0353078953503721,0,0,79.0952380952381,327.57099739379095,MX2
15,GWAS_Catalog_2025,Pre-Treatment Viral Load In Hiv-1,1/66,0.0163929514126727,0.0353078953503721,0,0,76.65384615384616,315.11658961920176,CD247
16,GWAS_Catalog_2025,Autoimmune Thyroid Disease,1/73,0.0181189156620487,0.0362378313240974,0,0,69.17708333333333,277.45536435713205,CD247
17,GWAS_Catalog_2025,Systemic Sclerosis,1/83,0.0205803757988252,0.0377362592926787,0,0,60.71036585365854,235.76368433833323,CD247
18,GWAS_Catalog_2025,Asthma (Adult Onset),1/87,0.0215635767386735,0.0377362592926787,0,0,57.875,222.05188597816456,CD247
19,GWAS_Catalog_2025,Medication Use (Thyroid Preparations),1/93,0.023036897706439,0.0379431256341349,0,0,54.08423913043478,203.9331743799736,CD247
20,GWAS_Catalog_2025,Allergic Rhinitis,1/127,0.0313522329588074,0.0469215178113929,0,0,39.42261904761905,136.49962740373687,CD247
21,GWAS_Catalog_2025,Celiac Disease,1/129,0.0318396013720166,0.0469215178113929,0,0,38.802734375,133.75474969906264,CD247
22,GWAS_Catalog_2025,Liver Enzyme Levels (Alanine Transaminase),1/141,0.0347596941750011,0.0486635718450015,0,0,35.455357142857146,119.10506697068962,ABCB1
23,GWAS_Catalog_2025,Asthma Or Allergic Disease (Pleiotropy),1/149,0.0367025054388785,0.0489366739185047,0,0,33.52533783783784,110.79823292863162,CD247
31,GO_Biological_Process_2025,Synaptic Vesicle Budding From Presynaptic Endocytic Zone Membrane (GO:0016185),1/9,0.0022481605524021,0.0201911206370613,0,0,624.59375,3808.549663430724,MX2
32,GO_Biological_Process_2025,Ceramide Transport (GO:0035627),1/15,0.0037446970839379,0.0201911206370613,0,0,356.80357142857144,1993.609466758919,ABCB1
33,GO_Biological_Process_2025,Regulation of Nucleocytoplasmic Transport (GO:0046822),1/17,0.0042431439889969,0.0201911206370613,0,0,312.171875,1705.2235013634931,MX2
34,GO_Biological_Process_2025,Alpha-Beta T Cell Activation (GO:0046631),1/19,0.0047413916093995,0.0201911206370613,0,0,277.4583333333333,1484.7973498875915,CD247
35,GO_Biological_Process_2025,Response to Interferon-Alpha (GO:0035455),1/19,0.0047413916093995,0.0201911206370613,0,0,277.4583333333333,1484.7973498875915,MX2
36,GO_Biological_Process_2025,Xenobiotic Transport (GO:0042908),1/20,0.0049904406959516,0.0201911206370613,0,0,262.8421052631579,1393.123889480945,ABCB1
37,GO_Biological_Process_2025,Lipid Translocation (GO:0034204),1/25,0.0062349390704731,0.0201911206370613,0,0,208.03125,1056.2966607689368,ABCB1
38,GO_Biological_Process_2025,Synaptic Vesicle Endocytosis (GO:0048488),1/29,0.0072296416117061,0.0201911206370613,0,0,178.27678571428572,878.8271482248972,MX2
39,GO_Biological_Process_2025,Fc-gamma Receptor Signaling Pathway (GO:0038094),1/29,0.0072296416117061,0.0201911206370613,0,0,178.27678571428572,878.8271482248972,CD247
40,GO_Biological_Process_2025,Fc Receptor Signaling Pathway (GO:0038093),1/30,0.0074781928285412,0.0201911206370613,0,0,172.1206896551724,842.6622961465415,CD247
41,GO_Biological_Process_2025,Phospholipid Translocation (GO:0045332),1/35,0.0087202027037321,0.0214041339091606,0,0,146.77205882352942,696.0096581675563,ABCB1
42,GO_Biological_Process_2025,Regulation of Intracellular Tranbsport (GO:0032386),1/51,0.0126862849341824,0.0285441411019104,0,0,99.725,435.5223902563011,MX2
43,GO_Biological_Process_2025,Receptor Internalization (GO:0031623),1/56,0.0139230795759582,0.0289171652731439,0,0,90.63636363636364,387.3986174905012,MX2
44,GO_Biological_Process_2025,Phospholipid Transport (GO:0015914),1/61,0.0151586347698374,0.0292345099132578,0,0,83.0625,347.9641755392504,ABCB1
45,GO_Biological_Process_2025,Vascular Transport (GO:0010232),1/84,0.0208262500889298,0.034638226264659,0,0,59.975903614457835,232.19917372092343,ABCB1
46,GO_Biological_Process_2025,Transport Across Blood-Brain Barrier (GO:0150104),1/86,0.0213178505521487,0.034638226264659,0,0,58.55882352941177,225.34667975778615,ABCB1
47,GO_Biological_Process_2025,T Cell Receptor Signaling Pathway (GO:0050852),1/88,0.0218092535740445,0.034638226264659,0,0,57.206896551724135,218.84045903047985,CD247
48,GO_Biological_Process_2025,Antigen Receptor-Mediated Signaling Pathway (GO:0050851),1/114,0.0281795523721254,0.0372807499433357,0,0,43.98672566371681,156.99560270595788,CD247
49,GO_Biological_Process_2025,T Cell Activation (GO:0042110),1/114,0.0281795523721254,0.0372807499433357,0,0,43.98672566371681,156.99560270595788,CD247
50,GO_Biological_Process_2025,Protein Complex Oligomerization (GO:0051259),1/116,0.028668197377471,0.0372807499433357,0,0,43.21739130434783,153.50674237731195,CD247
51,GO_Biological_Process_2025,Protein-Containing Complex Organization (GO:0043933),1/123,0.0303769073612365,0.0372807499433357,0,0,40.72336065573771,142.29037805694,CD247
52,GO_Biological_Process_2025,Response to Cytokine (GO:0034097),1/123,0.0303769073612365,0.0372807499433357,0,0,40.72336065573771,142.29037805694,MX2
53,GO_Biological_Process_2025,Receptor-Mediated Endocytosis (GO:0006898),1/136,0.033543846303411,0.0393775587040042,0,0,36.77777777777778,124.85694585579758,MX2
58,GO_Cellular_Component_2025,T Cell Receptor Complex (GO:0042101),1/15,0.0037446970839379,0.0224681825036278,0,0,356.80357142857144,1993.609466758919,CD247
64,GO_Molecular_Function_2025,Glycerophospholipid Flippase Activity (GO:0140333),1/10,0.0024977078641967,0.0187328089814755,0,0,555.1666666666666,3326.7706415121643,ABCB1
65,GO_Molecular_Function_2025,ABC-type Xenobiotic Transporter Activity (GO:0008559),1/10,0.0024977078641967,0.0187328089814755,0,0,555.1666666666666,3326.7706415121643,ABCB1
66,GO_Molecular_Function_2025,Phosphatidylcholine Transporter Activity (GO:0008525),1/18,0.0044922927083929,0.0224614635419648,0,0,293.79411764705884,1588.072397289777,ABCB1
87,DisGeNET,Visual disturbance,1/6,0.0014992198216206,0.0367330475770722,0,0,999.5,6499.5590198897235,ABCB1
88,DisGeNET,Acute postoperative pain,1/6,0.0014992198216206,0.0367330475770722,0,0,999.5,6499.5590198897235,ABCB1
89,DisGeNET,Central nervous system depression (disorder),1/6,0.0014992198216206,0.0367330475770722,0,0,999.5,6499.5590198897235,ABCB1
90,DisGeNET,Splenic Neoplasms,1/6,0.0014992198216206,0.0367330475770722,0,0,999.5,6499.5590198897235,ABCB1
91,DisGeNET,"Sarcoma, metastatic",1/6,0.0014992198216206,0.0367330475770722,0,0,999.5,6499.5590198897235,ABCB1
93,DisGeNET,Conjunctival scar,1/7,0.0017489165149326,0.0367330475770722,0,0,832.875,5287.722499803602,KIR2DL3
94,DisGeNET,Coumarin Resistance,1/7,0.0017489165149326,0.0367330475770722,0,0,832.875,5287.722499803602,ABCB1
95,DisGeNET,Neonatal Abstinence Syndrome,1/7,0.0017489165149326,0.0367330475770722,0,0,832.875,5287.722499803602,ABCB1
96,DisGeNET,Cardiac Carcinoma,1/8,0.0019985634316589,0.0367330475770722,0,0,713.8571428571429,4436.855317641398,ABCB1
97,DisGeNET,Postoperative Nausea and Vomiting,1/8,0.0019985634316589,0.0367330475770722,0,0,713.8571428571429,4436.855317641398,ABCB1
98,DisGeNET,Juvenile pauciarticular chronic arthritis,1/8,0.0019985634316589,0.0367330475770722,0,0,713.8571428571429,4436.855317641398,CD247
99,DisGeNET,Protracted diarrhea,1/8,0.0019985634316589,0.0367330475770722,0,0,713.8571428571429,4436.855317641398,CD247
101,DisGeNET,Asthenia,1/9,0.0022481605524021,0.0367330475770722,0,0,624.59375,3808.549663430724,ABCB1
102,DisGeNET,Metaplastic breast carcinoma,1/9,0.0022481605524021,0.0367330475770722,0,0,624.59375,3808.549663430724,ABCB1
103,DisGeNET,Adult Soft Tissue Sarcoma,1/9,0.0022481605524021,0.0367330475770722,0,0,624.59375,3808.549663430724,ABCB1
104,DisGeNET,Childhood nephrotic syndrome,1/9,0.0022481605524021,0.0367330475770722,0,0,624.59375,3808.549663430724,ABCB1
105,DisGeNET,Symphysis Pubis Dysfunction,1/9,0.0022481605524021,0.0367330475770722,0,0,624.59375,3808.549663430724,DSC1
107,DisGeNET,COLCHICINE RESISTANCE,1/10,0.0024977078641967,0.0367330475770722,0,0,555.1666666666666,3326.7706415121643,ABCB1
108,DisGeNET,Variegate Porphyria,1/10,0.0024977078641967,0.0367330475770722,0,0,555.1666666666666,3326.7706415121643,ABCB1
109,DisGeNET,Phototoxicity,1/10,0.0024977078641967,0.0367330475770722,0,0,555.1666666666666,3326.7706415121643,ABCB1
112,DisGeNET,"Sleep Apnea, Mixed Central and Obstructive",1/11,0.0027472053583369,0.0367330475770722,0,0,499.625,2946.3741195064317,ABCB1
113,DisGeNET,Recurrent Endometrial Cancer,1/11,0.0027472053583369,0.0367330475770722,0,0,499.625,2946.3741195064317,ABCB1
114,DisGeNET,Atherosclerotic Parkinsonism,1/11,0.0027472053583369,0.0367330475770722,0,0,499.625,2946.3741195064317,ABCB1
115,DisGeNET,Hypersomnia with Periodic Respiration,1/11,0.0027472053583369,0.0367330475770722,0,0,499.625,2946.3741195064317,ABCB1
116,DisGeNET,Benign neoplasm of liver,1/11,0.0027472053583369,0.0367330475770722,0,0,499.625,2946.3741195064317,ABCB1
117,DisGeNET,pediatric AIDS,1/11,0.0027472053583369,0.0367330475770722,0,0,499.625,2946.3741195064317,ABCB1
118,DisGeNET,Cannabis-Related Disorder,1/11,0.0027472053583369,0.0367330475770722,0,0,499.625,2946.3741195064317,ABCB1
119,DisGeNET,Hashish Abuse,1/11,0.0027472053583369,0.0367330475770722,0,0,499.625,2946.3741195064317,ABCB1
120,DisGeNET,"Parkinson Disease, Secondary Vascular",1/11,0.0027472053583369,0.0367330475770722,0,0,499.625,2946.3741195064317,ABCB1
121,DisGeNET,Pulmonary Blastoma,1/11,0.0027472053583369,0.0367330475770722,0,0,499.625,2946.3741195064317,ABCB1
122,DisGeNET,Palmar-plantar erythrodysesthesia syndrome,1/12,0.0029966530298936,0.0367330475770722,0,0,454.1818181818182,2638.914119276588,ABCB1
123,DisGeNET,Secondary Parkinson Disease,1/12,0.0029966530298936,0.0367330475770722,0,0,454.1818181818182,2638.914119276588,ABCB1
124,DisGeNET,Inflammatory cardiomyopathy,1/12,0.0029966530298936,0.0367330475770722,0,0,454.1818181818182,2638.914119276588,CD247
125,DisGeNET,Sickle Cell Dactylitis,1/12,0.0029966530298936,0.0367330475770722,0,0,454.1818181818182,2638.914119276588,ABCB1
126,DisGeNET,Kernicterus,1/12,0.0029966530298936,0.0367330475770722,0,0,454.1818181818182,2638.914119276588,ABCB1
127,DisGeNET,Childhood Absence Epilepsy,1/12,0.0029966530298936,0.0367330475770722,0,0,454.1818181818182,2638.914119276588,ABCB1
128,DisGeNET,Chronic Liver Failure,1/12,0.0029966530298936,0.0367330475770722,0,0,454.1818181818182,2638.914119276588,ABCB1
130,DisGeNET,Schizophrenia and related disorders,1/13,0.0032460508750897,0.0367330475770722,0,0,416.3125,2385.6022367218384,ABCB1
131,DisGeNET,Childhood Acute Megakaryoblastic Leukemia,1/13,0.0032460508750897,0.0367330475770722,0,0,416.3125,2385.6022367218384,ABCB1
132,DisGeNET,"Xeroderma pigmentosum, group B",1/14,0.0034953988931204,0.0367330475770722,0,0,384.2692307692308,2173.545038576915,ABCB1
133,DisGeNET,"Dermatitis, Phototoxic",1/14,0.0034953988931204,0.0367330475770722,0,0,384.2692307692308,2173.545038576915,ABCB1
134,DisGeNET,Cancer Relapse,1/14,0.0034953988931204,0.0367330475770722,0,0,384.2692307692308,2173.545038576915,ABCB1
135,DisGeNET,AIDS-Related Non-Hodgkin Lymphoma,1/14,0.0034953988931204,0.0367330475770722,0,0,384.2692307692308,2173.545038576915,ABCB1
138,DisGeNET,Recurrent hepatitis,1/15,0.0037446970839379,0.0367330475770722,0,0,356.80357142857144,1993.609466758919,KIR2DL3
139,DisGeNET,Malignant histiocytosis,1/15,0.0037446970839379,0.0367330475770722,0,0,356.80357142857144,1993.609466758919,ABCB1
140,DisGeNET,Malignant tumor of peritoneum,1/15,0.0037446970839379,0.0367330475770722,0,0,356.80357142857144,1993.609466758919,ABCB1
141,DisGeNET,Core binding factor acute myeloid leukemia,1/15,0.0037446970839379,0.0367330475770722,0,0,356.80357142857144,1993.609466758919,ABCB1
142,DisGeNET,Iridocyclitis,1/15,0.0037446970839379,0.0367330475770722,0,0,356.80357142857144,1993.609466758919,CD247
143,DisGeNET,Sphenoid Wing Meningioma,1/15,0.0037446970839379,0.0367330475770722,0,0,356.80357142857144,1993.609466758919,ABCB1
144,DisGeNET,"Peroxisome Biogenesis Disorder, Complementation Group D",1/15,0.0037446970839379,0.0367330475770722,0,0,356.80357142857144,1993.609466758919,ABCB1
146,DisGeNET,Balkan Nephropathy,1/16,0.0039939454486556,0.0367330475770722,0,0,333.0,1839.1509089009865,ABCB1
147,DisGeNET,Uterine Corpus Sarcoma,1/16,0.0039939454486556,0.0367330475770722,0,0,333.0,1839.1509089009865,ABCB1
148,DisGeNET,Cannabis Abuse,1/16,0.0039939454486556,0.0367330475770722,0,0,333.0,1839.1509089009865,ABCB1
149,DisGeNET,Central nervous system lymphoma,1/16,0.0039939454486556,0.0367330475770722,0,0,333.0,1839.1509089009865,ABCB1
150,DisGeNET,Erythema Multiforme,1/17,0.0042431439889969,0.0369436403308666,0,0,312.171875,1705.2235013634931,ABCB1
151,DisGeNET,Poisoning,1/17,0.0042431439889969,0.0369436403308666,0,0,312.171875,1705.2235013634931,ABCB1
152,DisGeNET,"Liposarcoma, Pleomorphic",1/17,0.0042431439889969,0.0369436403308666,0,0,312.171875,1705.2235013634931,ABCB1
153,DisGeNET,Aggressive natural killer-cell leukemia,1/17,0.0042431439889969,0.0369436403308666,0,0,312.171875,1705.2235013634931,ABCB1
154,DisGeNET,"Carney Complex, Type 1",1/18,0.0044922927083929,0.0370619474321492,0,0,293.79411764705884,1588.072397289777,CD247
155,DisGeNET,"Tuberculosis, Drug-Resistant",1/19,0.0047413916093995,0.0370619474321492,0,0,277.4583333333333,1484.7973498875915,ABCB1
156,DisGeNET,Intestinal Volvulus,1/19,0.0047413916093995,0.0370619474321492,0,0,277.4583333333333,1484.7973498875915,ABCB1
157,DisGeNET,Lipidemias,1/19,0.0047413916093995,0.0370619474321492,0,0,277.4583333333333,1484.7973498875915,ABCB1
158,DisGeNET,T-Lymphocytopenia,1/19,0.0047413916093995,0.0370619474321492,0,0,277.4583333333333,1484.7973498875915,CD247
159,DisGeNET,"5,10-Methylenetetrahydrofolate reductase deficiency",1/20,0.0049904406959516,0.0370619474321492,0,0,262.8421052631579,1393.123889480945,ABCB1
160,DisGeNET,Undifferentiated (Embryonal) Sarcoma,1/20,0.0049904406959516,0.0370619474321492,0,0,262.8421052631579,1393.123889480945,ABCB1
161,DisGeNET,Idiopathic Nephrotic Syndrome,1/20,0.0049904406959516,0.0370619474321492,0,0,262.8421052631579,1393.123889480945,ABCB1
162,DisGeNET,Pouchitis,1/20,0.0049904406959516,0.0370619474321492,0,0,262.8421052631579,1393.123889480945,ABCB1
163,DisGeNET,"Mental Disorders, Severe",1/20,0.0049904406959516,0.0370619474321492,0,0,262.8421052631579,1393.123889480945,ABCB1
165,DisGeNET,Indolent Non-Hodgkin Lymphoma,1/21,0.0052394399724711,0.0370619474321492,0,0,249.6875,1311.2440590040192,ABCB1
166,DisGeNET,Infantile nystagmus syndrome,1/21,0.0052394399724711,0.0370619474321492,0,0,249.6875,1311.2440590040192,ABCB1
170,DisGeNET,"Breast cancer, lobular",1/22,0.0054883894433205,0.0370619474321492,0,0,237.78571428571428,1237.7032790036255,ABCB1
171,DisGeNET,Pancolitis,1/22,0.0054883894433205,0.0370619474321492,0,0,237.78571428571428,1237.7032790036255,ABCB1
172,DisGeNET,Anti-nuclear factor positive,1/22,0.0054883894433205,0.0370619474321492,0,0,237.78571428571428,1237.7032790036255,CD247
173,DisGeNET,Neuroepithelioma,1/23,0.0057372891133286,0.0370619474321492,0,0,226.9659090909091,1171.3185051583378,ABCB1
174,DisGeNET,Stage IV Bladder Cancer AJCC v6,1/23,0.0057372891133286,0.0370619474321492,0,0,226.9659090909091,1171.3185051583378,ABCB1
175,DisGeNET,Leukemia secondary,1/23,0.0057372891133286,0.0370619474321492,0,0,226.9659090909091,1171.3185051583378,ABCB1
178,DisGeNET,"Acute myeloid leukemia, minimal differentiation",1/24,0.005986138987596,0.0370619474321492,0,0,217.08695652173913,1111.118047594182,ABCB1
179,DisGeNET,Alcohol or Other Drugs use,1/24,0.005986138987596,0.0370619474321492,0,0,217.08695652173913,1111.118047594182,ABCB1
180,DisGeNET,ESR raised,1/25,0.0062349390704731,0.0370619474321492,0,0,208.03125,1056.2966607689368,CD247
181,DisGeNET,Steroid resistant nephrotic syndrome of childhood,1/25,0.0062349390704731,0.0370619474321492,0,0,208.03125,1056.2966607689368,ABCB1
182,DisGeNET,Increased drug resistance,1/26,0.0064836893697988,0.0370619474321492,0,0,199.7,1006.1815770136444,ABCB1
183,DisGeNET,Severe Aplastic Anemia,1/26,0.0064836893697988,0.0370619474321492,0,0,199.7,1006.1815770136444,CD247
184,DisGeNET,Plasmablastic lymphoma,1/26,0.0064836893697988,0.0370619474321492,0,0,199.7,1006.1815770136444,ABCB1
185,DisGeNET,"Hypotension, Orthostatic",1/26,0.0064836893697988,0.0370619474321492,0,0,199.7,1006.1815770136444,ABCB1
186,DisGeNET,Klatskin Tumor,1/26,0.0064836893697988,0.0370619474321492,0,0,199.7,1006.1815770136444,ABCB1
187,DisGeNET,Steroid-resistant nephrotic syndrome,1/26,0.0064836893697988,0.0370619474321492,0,0,199.7,1006.1815770136444,ABCB1
189,DisGeNET,Toxic Encephalitis,1/27,0.0067323898885916,0.0370619474321492,0,0,192.0096153846154,960.2065018708712,ABCB1
190,DisGeNET,"Encephalopathy, Toxic",1/27,0.0067323898885916,0.0370619474321492,0,0,192.0096153846154,960.2065018708712,ABCB1
191,DisGeNET,Skin toxicity,1/27,0.0067323898885916,0.0370619474321492,0,0,192.0096153846154,960.2065018708712,ABCB1
192,DisGeNET,Pregnancy in Diabetics,1/27,0.0067323898885916,0.0370619474321492,0,0,192.0096153846154,960.2065018708712,ABCB1
193,DisGeNET,Primary Malignant Liver Neoplasm,1/27,0.0067323898885916,0.0370619474321492,0,0,192.0096153846154,960.2065018708712,ABCB1
194,DisGeNET,Elevated C-reactive protein,1/27,0.0067323898885916,0.0370619474321492,0,0,192.0096153846154,960.2065018708712,CD247
195,DisGeNET,Elevated C-reactive protein level,1/27,0.0067323898885916,0.0370619474321492,0,0,192.0096153846154,960.2065018708712,CD247
196,DisGeNET,Febrile Neutropenia,1/28,0.0069810406342333,0.0370619474321492,0,0,184.88888888888889,917.8914803082984,ABCB1
197,DisGeNET,Philadelphia chromosome positive chronic myelogenous leukemia,1/28,0.0069810406342333,0.0370619474321492,0,0,184.88888888888889,917.8914803082984,ABCB1
198,DisGeNET,ADENOMAS AND ADENOCARCINOMAS,1/28,0.0069810406342333,0.0370619474321492,0,0,184.88888888888889,917.8914803082984,ABCB1
199,DisGeNET,"Lymphoma, AIDS-Related",1/28,0.0069810406342333,0.0370619474321492,0,0,184.88888888888889,917.8914803082984,ABCB1
200,DisGeNET,Agranulocytosis,1/28,0.0069810406342333,0.0370619474321492,0,0,184.88888888888889,917.8914803082984,ABCB1
201,DisGeNET,"Pain, Postoperative",1/28,0.0069810406342333,0.0370619474321492,0,0,184.88888888888889,917.8914803082984,ABCB1
202,DisGeNET,Malignant melanoma of eye,1/29,0.0072296416117061,0.0374679045432073,0,0,178.27678571428572,878.8271482248972,ABCB1
203,DisGeNET,Trachoma,1/29,0.0072296416117061,0.0374679045432073,0,0,178.27678571428572,878.8271482248972,KIR2DL3
204,DisGeNET,Cardiac Lymphoma,1/29,0.0072296416117061,0.0374679045432073,0,0,178.27678571428572,878.8271482248972,ABCB1
205,DisGeNET,Lymphadenitis,1/30,0.0074781928285412,0.0376379795331453,0,0,172.1206896551724,842.6622961465415,ABCB1
206,DisGeNET,Bone necrosis,1/30,0.0074781928285412,0.0376379795331453,0,0,172.1206896551724,842.6622961465415,ABCB1
207,DisGeNET,Polydipsia,1/30,0.0074781928285412,0.0376379795331453,0,0,172.1206896551724,842.6622961465415,ABCB1
208,DisGeNET,"Diagnosis, Psychiatric",1/31,0.0077266942890359,0.0376379795331453,0,0,166.375,809.0939625056958,ABCB1
209,DisGeNET,Progressive intrahepatic cholestasis (disorder),1/31,0.0077266942890359,0.0376379795331453,0,0,166.375,809.0939625056958,ABCB1
210,DisGeNET,Columnar Cell Change of the Breast,1/32,0.0079751460001487,0.0376379795331453,0,0,161.0,777.8594770432692,ABCB1
211,DisGeNET,Papillary serous cystadenocarcinoma,1/32,0.0079751460001487,0.0376379795331453,0,0,161.0,777.8594770432692,ABCB1
212,DisGeNET,Cannabis Dependence,1/32,0.0079751460001487,0.0376379795331453,0,0,161.0,777.8594770432692,ABCB1
213,DisGeNET,Neurotoxicity Syndromes,1/32,0.0079751460001487,0.0376379795331453,0,0,161.0,777.8594770432692,ABCB1
215,DisGeNET,Oral cleft,1/33,0.0082235479691264,0.0376379795331453,0,0,155.9609375,748.7300222782447,ABCB1
216,DisGeNET,Pemphigus,1/33,0.0082235479691264,0.0376379795331453,0,0,155.9609375,748.7300222782447,ABCB1
217,DisGeNET,Acute biphenotypic leukemia,1/33,0.0082235479691264,0.0376379795331453,0,0,155.9609375,748.7300222782447,ABCB1
218,DisGeNET,X-Linked Combined Immunodeficiency Diseases,1/33,0.0082235479691264,0.0376379795331453,0,0,155.9609375,748.7300222782447,ABCB1
219,DisGeNET,Primary Lesion,1/33,0.0082235479691264,0.0376379795331453,0,0,155.9609375,748.7300222782447,ABCB1
220,DisGeNET,Harlequin Fetus,1/33,0.0082235479691264,0.0376379795331453,0,0,155.9609375,748.7300222782447,ABCB1
223,DisGeNET,HTLV-I Infections,1/35,0.0087202027037321,0.0390020025036786,0,0,146.77205882352942,696.0096581675563,ABCB1
224,DisGeNET,Juvenile Myoclonic Epilepsy,1/35,0.0087202027037321,0.0390020025036786,0,0,146.77205882352942,696.0096581675563,ABCB1
225,DisGeNET,Escherichia coli Infections,1/37,0.0092166585448215,0.0398574703958176,0,0,138.60416666666666,649.6020692107373,ABCB1
226,DisGeNET,Tubular Aggregate Myopathy,1/37,0.0092166585448215,0.0398574703958176,0,0,138.60416666666666,649.6020692107373,ABCB1
227,DisGeNET,Immunoblastic Large-Cell Lymphoma,1/37,0.0092166585448215,0.0398574703958176,0,0,138.60416666666666,649.6020692107373,ABCB1
228,DisGeNET,Carcinoma testes,1/37,0.0092166585448215,0.0398574703958176,0,0,138.60416666666666,649.6020692107373,ABCB1
229,DisGeNET,Chronic leukemia (category),1/37,0.0092166585448215,0.0398574703958176,0,0,138.60416666666666,649.6020692107373,ABCB1
230,DisGeNET,Painful Bladder Syndrome,1/38,0.0094648118959368,0.0401332608314726,0,0,134.85135135135135,628.4308110799436,ABCB1
231,DisGeNET,Pelvic Inflammatory Disease,1/38,0.0094648118959368,0.0401332608314726,0,0,134.85135135135135,628.4308110799436,CD247
232,DisGeNET,Milroy Disease,1/38,0.0094648118959368,0.0401332608314726,0,0,134.85135135135135,628.4308110799436,ABCB1
233,DisGeNET,Malignant neoplasm of adrenal cortex,1/39,0.0097129155448507,0.040142619308782,0,0,131.29605263157896,608.465136485093,ABCB1
234,DisGeNET,Primary malignant neoplasm of brain,1/39,0.0097129155448507,0.040142619308782,0,0,131.29605263157896,608.465136485093,ABCB1
235,DisGeNET,Dislocations,1/39,0.0097129155448507,0.040142619308782,0,0,131.29605263157896,608.465136485093,CD247
236,DisGeNET,Stage 4S neuroblastoma,1/39,0.0097129155448507,0.040142619308782,0,0,131.29605263157896,608.465136485093,ABCB1
237,DisGeNET,"stage, ovarian epithelial cancer",1/40,0.0099609694951761,0.040649145507306,0,0,127.92307692307692,589.6078070933972,ABCB1
238,DisGeNET,Acute Myeloid Leukemia Arising from Previous Myelodysplastic Syndrome,1/40,0.0099609694951761,0.040649145507306,0,0,127.92307692307692,589.6078070933972,ABCB1
239,DisGeNET,Gastrointestinal mucositis,1/41,0.0102089737568119,0.040649145507306,0,0,124.71875,571.7716333774792,ABCB1
240,DisGeNET,"Nephrotic Syndrome, Minimal Change",1/41,0.0102089737568119,0.040649145507306,0,0,124.71875,571.7716333774792,ABCB1
241,DisGeNET,Prolymphocytic Leukemia,1/41,0.0102089737568119,0.040649145507306,0,0,124.71875,571.7716333774792,ABCB1
242,DisGeNET,"Pancreatitis, Alcoholic",1/41,0.0102089737568119,0.040649145507306,0,0,124.71875,571.7716333774792,ABCB1
243,DisGeNET,Epiretinal Membrane,1/42,0.0104569283345458,0.0408691746885175,0,0,121.67073170731707,554.8782187239776,ABCB1
244,DisGeNET,"Carcinoma of urinary bladder, superficial",1/43,0.0107048332367716,0.0408691746885175,0,0,118.76785714285714,538.8568862241955,ABCB1
245,DisGeNET,Hyponatremia,1/43,0.0107048332367716,0.0408691746885175,0,0,118.76785714285714,538.8568862241955,ABCB1
246,DisGeNET,Pyruvate Carboxylase Deficiency Disease,1/43,0.0107048332367716,0.0408691746885175,0,0,118.76785714285714,538.8568862241955,ABCB1
248,DisGeNET,"Arthritis, Adjuvant-Induced",1/44,0.0109526884693576,0.0408691746885175,0,0,116.0,523.6437583425852,ABCB1
249,DisGeNET,"Arthritis, Collagen-Induced",1/44,0.0109526884693576,0.0408691746885175,0,0,116.0,523.6437583425852,ABCB1
250,DisGeNET,"Arthritis, Experimental",1/44,0.0109526884693576,0.0408691746885175,0,0,116.0,523.6437583425852,ABCB1
251,DisGeNET,Behavior Disorders,1/44,0.0109526884693576,0.0408691746885175,0,0,116.0,523.6437583425852,ABCB1
252,DisGeNET,Acquired aplastic anemia,1/44,0.0109526884693576,0.0408691746885175,0,0,116.0,523.6437583425852,CD247
253,DisGeNET,Apraxias,1/44,0.0109526884693576,0.0408691746885175,0,0,116.0,523.6437583425852,CD247
254,DisGeNET,"Granulomatous Disease, Chronic, X-Linked",1/45,0.0112004940383236,0.0410894528484569,0,0,113.35795454545456,509.1809644864944,ABCB1
255,DisGeNET,Delirium,1/45,0.0112004940383236,0.0410894528484569,0,0,113.35795454545456,509.1809644864944,ABCB1
256,DisGeNET,Cerebral Amyloid Angiopathy,1/45,0.0112004940383236,0.0410894528484569,0,0,113.35795454545456,509.1809644864944,ABCB1
257,DisGeNET,"Sleep Apnea, Central",1/46,0.0114482499529965,0.0417637274821607,0,0,110.83333333333331,495.41595635428416,ABCB1
258,DisGeNET,Disseminated neuroblastoma,1/47,0.0116959562183021,0.0424303300586183,0,0,108.41847826086956,482.3009144981259,ABCB1
259,DisGeNET,Fabry Disease,1/48,0.0119436128411833,0.0428526328862238,0,0,106.1063829787234,469.7922320558719,ABCB1
260,DisGeNET,Sleep Disorders,1/48,0.0119436128411833,0.0428526328862238,0,0,106.1063829787234,469.7922320558719,ABCB1
261,DisGeNET,Polyarthritis,1/49,0.0121912198306986,0.0430904807044018,0,0,103.890625,457.8500644039375,CD247
262,DisGeNET,cardiac event,1/49,0.0121912198306986,0.0430904807044018,0,0,103.890625,457.8500644039375,ABCB1
263,DisGeNET,Opiate Addiction,1/50,0.0124387771927725,0.0430904807044018,0,0,101.76530612244898,446.4379351400606,ABCB1
264,DisGeNET,"Suffering, Physical",1/51,0.0126862849341824,0.0430904807044018,0,0,99.725,435.5223902563011,ABCB1
265,DisGeNET,"Cockayne Syndrome, Type I",1/51,0.0126862849341824,0.0430904807044018,0,0,99.725,435.5223902563011,ABCB1
266,DisGeNET,Ache,1/51,0.0126862849341824,0.0430904807044018,0,0,99.725,435.5223902563011,ABCB1
267,DisGeNET,"Pain, Crushing",1/51,0.0126862849341824,0.0430904807044018,0,0,99.725,435.5223902563011,ABCB1
268,DisGeNET,"Pain, Migratory",1/51,0.0126862849341824,0.0430904807044018,0,0,99.725,435.5223902563011,ABCB1
269,DisGeNET,"Pain, Splitting",1/51,0.0126862849341824,0.0430904807044018,0,0,99.725,435.5223902563011,ABCB1
270,DisGeNET,Radiating pain,1/51,0.0126862849341824,0.0430904807044018,0,0,99.725,435.5223902563011,ABCB1
271,DisGeNET,Lymphocytic infiltration,1/52,0.0129337430598204,0.0430904807044018,0,0,97.76470588235294,425.072693906196,CD247
272,DisGeNET,Malignant ascites,1/52,0.0129337430598204,0.0430904807044018,0,0,97.76470588235294,425.072693906196,ABCB1
273,DisGeNET,Parasitic Diseases,1/52,0.0129337430598204,0.0430904807044018,0,0,97.76470588235294,425.072693906196,ABCB1
274,DisGeNET,Drug usage,1/52,0.0129337430598204,0.0430904807044018,0,0,97.76470588235294,425.072693906196,ABCB1
275,DisGeNET,"Leukemia, Lymphocytic, Acute, L2",1/53,0.0131811515812902,0.0434711716292046,0,0,95.8798076923077,415.0605599326822,ABCB1
276,DisGeNET,"Pain, Burning",1/53,0.0131811515812902,0.0434711716292046,0,0,95.8798076923077,415.0605599326822,ABCB1
277,DisGeNET,Dizziness,1/54,0.0134285105037049,0.0440644088387905,0,0,94.06603773584904,405.45991459490074,ABCB1
278,DisGeNET,Agnosia for Pain,1/55,0.0136758198325555,0.0441348105004889,0,0,92.31944444444444,396.2466860772184,ABCB1
279,DisGeNET,Hyperbilirubinemia,1/56,0.0139230795759582,0.0441348105004889,0,0,90.63636363636364,387.3986174905012,ABCB1
280,DisGeNET,Familial Mediterranean Fever,1/56,0.0139230795759582,0.0441348105004889,0,0,90.63636363636364,387.3986174905012,ABCB1
281,DisGeNET,Vertigo,1/56,0.0139230795759582,0.0441348105004889,0,0,90.63636363636364,387.3986174905012,ABCB1
282,DisGeNET,Gastrointestinal Diseases,1/56,0.0139230795759582,0.0441348105004889,0,0,90.63636363636364,387.3986174905012,ABCB1
283,DisGeNET,Adult Cholangiocarcinoma,1/56,0.0139230795759582,0.0441348105004889,0,0,90.63636363636364,387.3986174905012,ABCB1
284,DisGeNET,Glucocorticoid Receptor Deficiency,1/56,0.0139230795759582,0.0441348105004889,0,0,90.63636363636364,387.3986174905012,ABCB1
285,DisGeNET,Heart Septal Defects,1/57,0.014170289742456,0.0444084673177924,0,0,89.01339285714286,378.8951003721936,ABCB1
286,DisGeNET,Congenital defects,1/58,0.0144174503390076,0.0444084673177924,0,0,87.44736842105263,370.71702609175657,ABCB1
287,DisGeNET,"Carcinoma, Lobular",1/58,0.0144174503390076,0.0444084673177924,0,0,87.44736842105263,370.71702609175657,ABCB1
288,DisGeNET,Extrapyramidal Disorders,1/58,0.0144174503390076,0.0444084673177924,0,0,87.44736842105263,370.71702609175657,ABCB1
289,DisGeNET,Nausea,1/58,0.0144174503390076,0.0444084673177924,0,0,87.44736842105263,370.71702609175657,ABCB1
290,DisGeNET,Oncocytic Neoplasm,1/58,0.0144174503390076,0.0444084673177924,0,0,87.44736842105263,370.71702609175657,ABCB1
291,DisGeNET,Sleep Apnea Syndromes,1/59,0.0146645613684728,0.04453934220285,0,0,85.9353448275862,362.8466529663449,ABCB1
292,DisGeNET,Anaplastic Oligodendroglioma,1/59,0.0146645613684728,0.04453934220285,0,0,85.9353448275862,362.8466529663449,ABCB1
293,DisGeNET,Drug Resistant Epilepsy,1/59,0.0146645613684728,0.04453934220285,0,0,85.9353448275862,362.8466529663449,ABCB1
294,DisGeNET,Absence Epilepsy,1/60,0.014911622845291,0.0445870749129198,0,0,84.47457627118644,355.26748708331087,ABCB1
296,DisGeNET,Aura,1/61,0.0151586347698374,0.0445870749129198,0,0,83.0625,347.9641755392504,ABCB1
297,DisGeNET,Awakening Epilepsy,1/61,0.0151586347698374,0.0445870749129198,0,0,83.0625,347.9641755392504,ABCB1
298,DisGeNET,Viremia,1/61,0.0151586347698374,0.0445870749129198,0,0,83.0625,347.9641755392504,ABCB1
299,DisGeNET,"Leukemia, Large Granular Lymphocytic",1/61,0.0151586347698374,0.0445870749129198,0,0,83.0625,347.9641755392504,KIR2DL3
300,DisGeNET,"MYELOPROLIFERATIVE SYNDROME, TRANSIENT",1/61,0.0151586347698374,0.0445870749129198,0,0,83.0625,347.9641755392504,ABCB1
302,DisGeNET,Marijuana Abuse,1/62,0.0154055971565864,0.0447104664144487,0,0,81.69672131147541,340.92241011491575,ABCB1
303,DisGeNET,Heroin Dependence,1/62,0.0154055971565864,0.0447104664144487,0,0,81.69672131147541,340.92241011491575,ABCB1
304,DisGeNET,"Epilepsy, Cryptogenic",1/63,0.0156525100040084,0.0448293378623574,0,0,80.375,334.1288407937727,ABCB1
305,DisGeNET,Viral hepatitis,1/63,0.0156525100040084,0.0448293378623574,0,0,80.375,334.1288407937727,ABCB1
306,DisGeNET,Monocytic leukemia,1/63,0.0156525100040084,0.0448293378623574,0,0,80.375,334.1288407937727,ABCB1
307,DisGeNET,Uterine Cancer,1/64,0.0158993733235186,0.0449309821962225,0,0,79.0952380952381,327.57099739379095,ABCB1
308,DisGeNET,Cytogenetically normal acute myeloid leukemia,1/64,0.0158993733235186,0.0449309821962225,0,0,79.0952380952381,327.57099739379095,ABCB1
310,DisGeNET,Lymphocytosis,1/65,0.0161461871258954,0.0449309821962225,0,0,77.85546875,321.23721893054926,KIR2DL3
311,DisGeNET,Limitation of joint mobility,1/65,0.0161461871258954,0.0449309821962225,0,0,77.85546875,321.23721893054926,CD247
312,DisGeNET,Proliferative vitreoretinopathy,1/66,0.0163929514126727,0.0449309821962225,0,0,76.65384615384616,315.11658961920176,ABCB1
313,DisGeNET,Oxyphilic Adenoma,1/67,0.0166396661964726,0.0449309821962225,0,0,75.48863636363636,309.1988806923386,ABCB1
314,DisGeNET,Metastatic Renal Cell Cancer,1/67,0.0166396661964726,0.0449309821962225,0,0,75.48863636363636,309.1988806923386,ABCB1
315,DisGeNET,Multiple Chronic Conditions,1/67,0.0166396661964726,0.0449309821962225,0,0,75.48863636363636,309.1988806923386,ABCB1
316,DisGeNET,Joint swelling,1/67,0.0166396661964726,0.0449309821962225,0,0,75.48863636363636,309.1988806923386,CD247
317,DisGeNET,Cervical Adenocarcinoma,1/67,0.0166396661964726,0.0449309821962225,0,0,75.48863636363636,309.1988806923386,ABCB1
318,DisGeNET,Undifferentiated leukemia,1/68,0.016886331477543,0.0449309821962225,0,0,74.35820895522389,303.4744977483959,ABCB1
319,DisGeNET,Angle class 2 malocclusion,1/68,0.016886331477543,0.0449309821962225,0,0,74.35820895522389,303.4744977483959,CD247
320,DisGeNET,Angle class 3 malocclusion,1/68,0.016886331477543,0.0449309821962225,0,0,74.35820895522389,303.4744977483959,CD247
321,DisGeNET,"Status Epilepticus, Subclinical",1/69,0.0171329472693099,0.0449309821962225,0,0,73.26102941176471,297.9344326341269,ABCB1
322,DisGeNET,Complex Partial Status Epilepticus,1/69,0.0171329472693099,0.0449309821962225,0,0,73.26102941176471,297.9344326341269,ABCB1
323,DisGeNET,Mucoepidermoid Carcinoma,1/69,0.0171329472693099,0.0449309821962225,0,0,73.26102941176471,297.9344326341269,ABCB1
324,DisGeNET,Simple Partial Status Epilepticus,1/69,0.0171329472693099,0.0449309821962225,0,0,73.26102941176471,297.9344326341269,ABCB1
325,DisGeNET,Grand Mal Status Epilepticus,1/69,0.0171329472693099,0.0449309821962225,0,0,73.26102941176471,297.9344326341269,ABCB1
326,DisGeNET,Non-Convulsive Status Epilepticus,1/69,0.0171329472693099,0.0449309821962225,0,0,73.26102941176471,297.9344326341269,ABCB1
327,DisGeNET,hiv-infection/aids,1/69,0.0171329472693099,0.0449309821962225,0,0,73.26102941176471,297.9344326341269,ABCB1
328,DisGeNET,Ovarian adenocarcinoma,1/70,0.0173795135752015,0.0451364621763675,0,0,72.19565217391305,292.57021981956115,ABCB1
329,DisGeNET,Benign Neoplasm,1/70,0.0173795135752015,0.0451364621763675,0,0,72.19565217391305,292.57021981956115,ABCB1
331,DisGeNET,Tracheal Diseases,1/71,0.017626030405779,0.0451364621763675,0,0,71.16071428571429,287.37389642812474,DSC1
332,DisGeNET,Malocclusion,1/71,0.017626030405779,0.0451364621763675,0,0,71.16071428571429,287.37389642812474,CD247
333,DisGeNET,"Leukemia, Myeloid, Chronic-Phase",1/71,0.017626030405779,0.0451364621763675,0,0,71.16071428571429,287.37389642812474,ABCB1
334,DisGeNET,Cockayne Syndrome,1/72,0.0178724977648702,0.0452354303893809,0,0,70.15492957746478,282.3379658506009,ABCB1
335,DisGeNET,secondary acute myeloid leukemia,1/72,0.0178724977648702,0.0452354303893809,0,0,70.15492957746478,282.3379658506009,ABCB1
336,DisGeNET,Hallucinations,1/72,0.0178724977648702,0.0452354303893809,0,0,70.15492957746478,282.3379658506009,ABCB1
337,DisGeNET,Withdrawal Symptoms,1/73,0.0181189156620487,0.0456820537734278,0,0,69.17708333333333,277.45536435713205,ABCB1
338,DisGeNET,Malignant Fibrous Histiocytoma,1/75,0.0186116030985804,0.0465646621585173,0,0,67.30067567567568,268.1238775998327,ABCB1
339,DisGeNET,Ewing Sarcoma/Peripheral Primitive Neuroectodermal Tumor,1/75,0.0186116030985804,0.0465646621585173,0,0,67.30067567567568,268.1238775998327,ABCB1
340,DisGeNET,Petit mal status,1/76,0.0188578726507589,0.0467227437460468,0,0,66.4,263.6627670535498,ABCB1
341,DisGeNET,Early-Stage Breast Carcinoma,1/76,0.0188578726507589,0.0467227437460468,0,0,66.4,263.6627670535498,ABCB1
342,DisGeNET,Parathyroid Adenoma,1/77,0.0191040927721202,0.0467227437460468,0,0,65.52302631578948,259.33048567400635,ABCB1
343,DisGeNET,"Niemann-Pick Disease, Type C",1/77,0.0191040927721202,0.0467227437460468,0,0,65.52302631578948,259.33048567400635,ABCB1
344,DisGeNET,Non-small cell lung cancer stage I,1/77,0.0191040927721202,0.0467227437460468,0,0,65.52302631578948,259.33048567400635,ABCB1
345,DisGeNET,High-Grade Prostatic Intraepithelial Neoplasia,1/77,0.0191040927721202,0.0467227437460468,0,0,65.52302631578948,259.33048567400635,ABCB1
346,DisGeNET,"Pleural Effusion, Malignant",1/78,0.0193502634667732,0.0471482165813542,0,0,64.66883116883118,255.1217234964787,CD247
347,DisGeNET,Chronic granulomatous disease,1/79,0.0195963847396345,0.0475704060779975,0,0,63.83653846153846,251.0314538182023,ABCB1
348,DisGeNET,Connective Tissue Diseases,1/81,0.0200884790625876,0.0482271206906976,0,0,62.234375,243.18759198592144,ABCB1
349,DisGeNET,Peptic Ulcer,1/81,0.0200884790625876,0.0482271206906976,0,0,62.234375,243.18759198592144,ABCB1
350,DisGeNET,Sensory neuropathy,1/81,0.0200884790625876,0.0482271206906976,0,0,62.234375,243.18759198592144,ABCB1
351,DisGeNET,"Lymphoma, Large-Cell, Follicular",1/83,0.0205803757988252,0.0488690378059376,0,0,60.71036585365854,235.76368433833323,ABCB1
352,DisGeNET,Adverse reaction to drug,1/83,0.0205803757988252,0.0488690378059376,0,0,60.71036585365854,235.76368433833323,ABCB1
353,DisGeNET,Drug toxicity,1/83,0.0205803757988252,0.0488690378059376,0,0,60.71036585365854,235.76368433833323,ABCB1
355,DisGeNET,Soft Tissue Neoplasms,1/84,0.0208262500889298,0.0490958169966468,0,0,59.975903614457835,232.19917372092343,ABCB1
356,DisGeNET,Hurthle Cell Tumor,1/85,0.0210720750045875,0.0494966366114952,0,0,59.25892857142857,228.72800210045256,ABCB1
357,DisGeNET,"Malaria, Cerebral",1/86,0.0213178505521487,0.0497162728948325,0,0,58.55882352941177,225.34667975778615,KIR2DL3
358,DisGeNET,Chronic gastritis,1/86,0.0213178505521487,0.0497162728948325,0,0,58.55882352941177,225.34667975778615,ABCB1
359,DisGeNET,DOSAGE-SENSITIVE SEX REVERSAL,1/87,0.0215635767386735,0.0499326794693398,0,0,57.875,222.05188597816456,ABCB1
360,DisGeNET,Lipoma,1/87,0.0215635767386735,0.0499326794693398,0,0,57.875,222.05188597816456,ABCB1
361,DisGeNET,"Brain Tumor, Primary",1/88,0.0218092535740445,0.0499699739784249,0,0,57.206896551724135,218.84045903047985,ABCB1
362,DisGeNET,Retroviridae Infections,1/88,0.0218092535740445,0.0499699739784249,0,0,57.206896551724135,218.84045903047985,ABCB1
363,DisGeNET,Chordoma,1/88,0.0218092535740445,0.0499699739784249,0,0,57.206896551724135,218.84045903047985,ABCB1
